# RQD de Deere: porcentaje del metraje en tramos continuos de 10 cm o más sin discontinuidad, con la discontinuidad detectada por DI > 1.5.
# Indicador AGREGADO por pozo y por caserón, orientado a tronadura. No reemplaza al DI, que sigue siendo la variable de trabajo punto a punto en el resto del pipeline.
# pozos no evaluables: 3
# generado: 2026-08-26 04:24
nivel,clave,caseron,rqd_mwd,largo_m,n_tramos_validos,n_tramos_descartados
pozo,PCS_1043_AUX1_H1,PCS_1043,91.1,29.831,10.0,0.0
pozo,PCS_1043_AUX1_H4,PCS_1043,90.71,31.506,16.0,1.0
pozo,PCS_1043_AUX1_H5,PCS_1043,93.61,30.722,7.0,0.0
pozo,PCS_1043_AUX1_HU6,PCS_1043,92.52,32.484,11.0,0.0
pozo,PCS_1043_AUX2_H1,PCS_1043,92.22,32.715,11.0,1.0
pozo,PCS_1043_AUX2_H2,PCS_1043,89.95,21.003,4.0,2.0
pozo,PCS_1043_AUX2_HU6,PCS_1043,91.5,30.894,9.0,1.0
pozo,PCS_1043_AUX2_HU7,PCS_1043,95.41,32.376,8.0,0.0
pozo,PCS_1043_AUX2_HU8,PCS_1043,99.42,2.767,1.0,0.0
pozo,PCS_1043_AUX2_HU9,PCS_1043,92.53,32.265,9.0,2.0
pozo,PCS_1043_AUX3_H1,PCS_1043,92.06,29.714,10.0,2.0
pozo,PCS_1043_AUX3_H2,PCS_1043,84.26,33.437,4.0,3.0
pozo,PCS_1043_AUX3_H3,PCS_1043,89.2,14.829,5.0,0.0
pozo,PCS_1043_AUX3_H4,PCS_1043,91.24,31.377,13.0,1.0
pozo,PCS_1043_AUX3_H5,PCS_1043,92.31,30.703,10.0,0.0
pozo,PCS_1043_AUX3_HU6,PCS_1043,95.12,30.935,5.0,1.0
pozo,PCS_1043_CL01_TH_P101_H1,PCS_1043,87.47,1.484,1.0,1.0
pozo,PCS_1043_CL01_TH_P105_H10,PCS_1043,87.53,32.581,20.0,4.0
pozo,PCS_1043_CL01_TH_P105_H11,PCS_1043,94.75,31.926,4.0,0.0
pozo,PCS_1043_CL01_TH_P105_H12,PCS_1043,87.71,29.69,11.0,3.0
pozo,PCS_1043_CL01_TH_P105_H16,PCS_1043,91.76,12.118,4.0,2.0
pozo,PCS_1043_CL01_TH_P105_H17,PCS_1043,90.99,8.278,3.0,0.0
pozo,PCS_1043_CL01_TH_P105_H1,PCS_1043,100.0,0.546,1.0,0.0
pozo,PCS_1043_CL01_TH_P105_H2,PCS_1043,90.46,23.703,10.0,1.0
pozo,PCS_1043_CL01_TH_P105_H3,PCS_1043,92.78,26.779,11.0,0.0
pozo,PCS_1043_CL01_TH_P105_H4,PCS_1043,92.44,31.247,8.0,4.0
pozo,PCS_1043_CL01_TH_P105_H5,PCS_1043,87.84,33.285,7.0,4.0
pozo,PCS_1043_CL01_TH_P105_H6,PCS_1043,87.25,34.499,17.0,3.0
pozo,PCS_1043_CL01_TH_P105_H7,PCS_1043,93.91,33.449,8.0,2.0
pozo,PCS_1043_CL01_TH_P105_H8,PCS_1043,91.21,33.265,7.0,11.0
pozo,PCS_1043_CL01_TH_P105_H9,PCS_1043,90.33,32.847,14.0,3.0
pozo,PCS_1043_CL01_TH_P105_HU18,PCS_1043,92.13,23.557,8.0,1.0
pozo,PCS_1043_CL01_TH_P105_HU19,PCS_1043,95.37,23.362,6.0,0.0
pozo,PCS_1043_CL01_TH_P105_HU20,PCS_1043,96.38,23.087,3.0,0.0
pozo,PCS_1043_CL01_TH_P105_HU21,PCS_1043,91.81,23.249,7.0,0.0
pozo,PCS_1043_PR01_TH_P01_H11,PCS_1043,94.47,30.674,8.0,1.0
pozo,PCS_1043_PR01_TH_P01_H12,PCS_1043,89.06,28.153,14.0,6.0
pozo,PCS_1043_PR01_TH_P01_H13,PCS_1043,89.15,26.019,11.0,5.0
pozo,PCS_1043_PR01_TH_P01_H15,PCS_1043,90.94,11.74,4.0,2.0
pozo,PCS_1043_PR01_TH_P01_H16,PCS_1043,93.01,6.795,3.0,0.0
pozo,PCS_1043_PR01_TH_P01_H6,PCS_1043,88.93,32.953,16.0,8.0
pozo,PCS_1043_PR01_TH_P01_H7,PCS_1043,96.02,31.579,6.0,3.0
pozo,PCS_1043_PR01_TH_P01_H8,PCS_1043,91.18,31.467,13.0,1.0
pozo,PCS_1043_PR01_TH_P01_HU17,PCS_1043,94.72,30.723,9.0,2.0
pozo,PCS_1043_PR01_TH_P01_HU18,PCS_1043,86.56,12.221,5.0,3.0
pozo,PCS_1043_PR01_TH_P01_HU9,PCS_1043,89.98,31.077,14.0,2.0
pozo,PCS_1043_PR01_TH_P07_H10,PCS_1043,89.91,29.837,16.0,3.0
pozo,PCS_1043_PR01_TH_P07_H11,PCS_1043,93.0,27.897,8.0,0.0
pozo,PCS_1043_PR01_TH_P07_H12,PCS_1043,90.45,24.516,11.0,1.0
pozo,PCS_1043_PR01_TH_P07_H13,PCS_1043,32.2,14.697,2.0,0.0
pozo,PCS_1043_PR01_TH_P07_H14,PCS_1043,90.38,18.457,7.0,2.0
pozo,PCS_1043_PR01_TH_P07_H15,PCS_1043,86.85,11.732,7.0,1.0
pozo,PCS_1043_PR01_TH_P07_H16,PCS_1043,90.68,7.372,2.0,0.0
pozo,PCS_1043_PR01_TH_P07_H17,PCS_1043,64.66,9.591,4.0,1.0
pozo,PCS_1043_PR01_TH_P07_H18,PCS_1043,42.54,19.28,2.0,0.0
pozo,PCS_1043_PR01_TH_P07_H1,PCS_1043,94.44,20.68,6.0,0.0
pozo,PCS_1043_PR01_TH_P07_H2,PCS_1043,92.5,24.086,6.0,0.0
pozo,PCS_1043_PR01_TH_P07_H3,PCS_1043,89.15,27.915,10.0,3.0
pozo,PCS_1043_PR01_TH_P07_H4,PCS_1043,87.67,33.101,12.0,1.0
pozo,PCS_1043_PR01_TH_P07_H5,PCS_1043,92.45,29.617,10.0,0.0
pozo,PCS_1043_PR01_TH_P07_H6,PCS_1043,91.25,33.044,15.0,0.0
pozo,PCS_1043_PR01_TH_P07_H7,PCS_1043,91.25,31.291,8.0,2.0
pozo,PCS_1043_PR01_TH_P07_H8,PCS_1043,88.9,31.534,14.0,1.0
pozo,PCS_1043_PR01_TH_P07_H9,PCS_1043,89.24,31.074,12.0,1.0
pozo,PCS_1043_PR01_TH_P22_H10,PCS_1043,88.18,30.928,5.0,2.0
pozo,PCS_1043_PR01_TH_P22_H11,PCS_1043,88.83,30.721,18.0,2.0
pozo,PCS_1043_PR01_TH_P22_H12,PCS_1043,87.83,19.185,12.0,0.0
pozo,PCS_1043_PR01_TH_P22_H13,PCS_1043,83.65,26.045,9.0,0.0
pozo,PCS_1043_PR01_TH_P22_H14,PCS_1043,88.39,18.406,8.0,5.0
pozo,PCS_1043_PR01_TH_P22_H15,PCS_1043,88.31,11.741,5.0,0.0
pozo,PCS_1043_PR01_TH_P22_H16,PCS_1043,86.74,7.655,5.0,1.0
pozo,PCS_1043_PR01_TH_P22_H1,PCS_1043,91.77,22.095,8.0,3.0
pozo,PCS_1043_PR01_TH_P22_H2,PCS_1043,90.12,24.509,11.0,0.0
pozo,PCS_1043_PR01_TH_P22_H3,PCS_1043,89.02,28.059,14.0,2.0
pozo,PCS_1043_PR01_TH_P22_H4,PCS_1043,90.9,32.939,10.0,2.0
pozo,PCS_1043_PR01_TH_P22_H5,PCS_1043,93.67,29.257,8.0,0.0
pozo,PCS_1043_PR01_TH_P22_H6,PCS_1043,94.49,28.253,5.0,0.0
pozo,PCS_1043_PR01_TH_P22_H7,PCS_1043,92.29,31.777,10.0,0.0
pozo,PCS_1043_PR01_TH_P22_H8,PCS_1043,87.79,31.694,16.0,0.0
pozo,PCS_1043_PR01_TH_P22_H9,PCS_1043,88.6,31.144,12.0,2.0
pozo,PCS_1043_PR01_TH_P23_H10,PCS_1043,90.74,30.023,11.0,2.0
pozo,PCS_1043_PR01_TH_P23_H11,PCS_1043,89.34,30.025,11.0,1.0
pozo,PCS_1043_PR01_TH_P23_H12,PCS_1043,92.3,28.255,7.0,1.0
pozo,PCS_1043_PR01_TH_P23_H13,PCS_1043,92.63,26.048,7.0,1.0
pozo,PCS_1043_PR01_TH_P23_H14,PCS_1043,88.23,18.569,8.0,5.0
pozo,PCS_1043_PR01_TH_P23_H15,PCS_1043,88.44,11.856,7.0,1.0
pozo,PCS_1043_PR01_TH_P23_H16,PCS_1043,88.0,7.858,5.0,0.0
pozo,PCS_1043_PR01_TH_P23_H1,PCS_1043,91.91,22.35,9.0,1.0
pozo,PCS_1043_PR01_TH_P23_H2,PCS_1043,92.8,25.321,8.0,0.0
pozo,PCS_1043_PR01_TH_P23_H3,PCS_1043,90.01,29.055,15.0,1.0
pozo,PCS_1043_PR01_TH_P23_H4,PCS_1043,90.59,29.065,11.0,1.0
pozo,PCS_1043_PR01_TH_P23_H5,PCS_1043,91.2,29.744,8.0,2.0
pozo,PCS_1043_PR01_TH_P23_H6,PCS_1043,89.48,28.26,9.0,1.0
pozo,PCS_1043_PR01_TH_P23_H7,PCS_1043,93.64,31.9,6.0,0.0
pozo,PCS_1043_PR01_TH_P23_H8,PCS_1043,89.56,31.834,13.0,2.0
pozo,PCS_1043_PR01_TH_P23_H9,PCS_1043,86.83,31.451,16.0,2.0
pozo,PCS_1043_PR01_TH_P24_H11,PCS_1043,90.59,30.659,11.0,0.0
pozo,PCS_1043_PR01_TH_P24_H12,PCS_1043,93.76,28.131,6.0,1.0
pozo,PCS_1043_PR01_TH_P24_H13,PCS_1043,87.32,25.954,10.0,1.0
pozo,PCS_1043_PR01_TH_P24_H14,PCS_1043,91.04,17.755,6.0,2.0
pozo,PCS_1043_PR01_TH_P24_H15,PCS_1043,93.84,11.42,4.0,0.0
pozo,PCS_1043_PR01_TH_P24_H1,PCS_1043,90.15,22.74,9.0,3.0
pozo,PCS_1043_PR01_TH_P24_H2,PCS_1043,88.24,25.078,8.0,3.0
pozo,PCS_1043_PR01_TH_P24_H3,PCS_1043,95.21,28.796,6.0,0.0
pozo,PCS_1043_PR01_TH_P24_H4,PCS_1043,92.06,28.148,7.0,2.0
pozo,PCS_1043_PR01_TH_P24_H5,PCS_1043,89.93,29.341,13.0,2.0
pozo,PCS_1043_PR01_TH_P24_H6,PCS_1043,92.63,28.264,4.0,3.0
pozo,PCS_1043_PR01_TH_P24_H7,PCS_1043,91.01,32.793,10.0,2.0
pozo,PCS_1043_PR01_TH_P24_H8,PCS_1043,91.24,27.486,10.0,2.0
pozo,PCS_1043_PR01_TH_P24_H9,PCS_1043,88.23,31.137,9.0,2.0
pozo,PCS_1043_PR01_TH_P24_HU10,PCS_1043,88.33,31.044,17.0,0.0
pozo,PCS_1043_PR01_TH_P25_H10,PCS_1043,89.66,30.857,11.0,1.0
pozo,PCS_1043_PR01_TH_P25_H11,PCS_1043,89.99,30.459,8.0,0.0
pozo,PCS_1043_PR01_TH_P25_H12,PCS_1043,90.64,27.804,10.0,0.0
pozo,PCS_1043_PR01_TH_P25_H13,PCS_1043,88.89,24.598,12.0,1.0
pozo,PCS_1043_PR01_TH_P25_H14,PCS_1043,93.09,17.99,4.0,1.0
pozo,PCS_1043_PR01_TH_P25_H1,PCS_1043,95.6,22.399,4.0,1.0
pozo,PCS_1043_PR01_TH_P25_H2,PCS_1043,88.92,25.298,9.0,1.0
pozo,PCS_1043_PR01_TH_P25_H3,PCS_1043,93.34,28.773,6.0,0.0
pozo,PCS_1043_PR01_TH_P25_H4,PCS_1043,91.82,29.821,7.0,1.0
pozo,PCS_1043_PR01_TH_P25_H5,PCS_1043,92.88,29.601,7.0,0.0
pozo,PCS_1043_PR01_TH_P25_H6,PCS_1043,90.69,31.128,10.0,6.0
pozo,PCS_1043_PR01_TH_P25_H7,PCS_1043,87.93,32.575,14.0,8.0
pozo,PCS_1043_PR01_TH_P25_H8,PCS_1043,84.97,31.76,19.0,1.0
pozo,PCS_1043_PR01_TH_P25_H9,PCS_1043,88.7,31.14,15.0,0.0
pozo,PCS_1043_PR01_TH_P25_HU15,PCS_1043,78.26,12.477,7.0,0.0
pozo,PCS_1043_PR01_TH_P25_HU16,PCS_1043,91.96,26.65,8.0,0.0
pozo,PCS_1043_PR01_TH_P25_HU17,PCS_1043,87.3,28.667,13.0,1.0
pozo,PCS_1043_PR01_TH_P25_HU18,PCS_1043,93.5,19.507,5.0,0.0
pozo,PCS_1043_PR01_TH_P25_HU19,PCS_1043,81.65,1.755,1.0,0.0
pozo,PCS_1043_PR01_TH_P25_HU20,PCS_1043,90.58,21.022,8.0,3.0
pozo,PCC_0042_PR01_TH_P20_H10,PCC_0042,93.94,28.209,6.0,2.0
pozo,PCC_0042_PR01_TH_P20_H11,PCC_0042,84.89,36.336,23.0,8.0
pozo,PCC_0042_PR01_TH_P20_H12,PCC_0042,90.84,35.903,13.0,1.0
pozo,PCC_0042_PR01_TH_P20_H13,PCC_0042,91.03,35.238,10.0,0.0
pozo,PCC_0042_PR01_TH_P20_H14,PCC_0042,90.38,35.073,9.0,4.0
pozo,PCC_0042_PR01_TH_P20_H15,PCC_0042,92.87,35.197,13.0,3.0
pozo,PCC_0042_PR01_TH_P20_H16,PCC_0042,90.76,34.454,12.0,0.0
pozo,PCC_0042_PR01_TH_P20_H17,PCC_0042,86.81,35.257,17.0,5.0
pozo,PCC_0042_PR01_TH_P20_H18,PCC_0042,91.43,36.037,14.0,0.0
pozo,PCC_0042_PR01_TH_P20_H19,PCC_0042,88.4,36.81,15.0,2.0
pozo,PCC_0042_PR01_TH_P20_H20,PCC_0042,87.51,16.082,7.0,1.0
pozo,PCC_0042_PR01_TH_P20_H21,PCC_0042,94.5,22.926,6.0,1.0
pozo,PCC_0042_PR01_TH_P20_H22,PCC_0042,89.33,17.775,4.0,3.0
pozo,PCC_0042_PR01_TH_P20_H8,PCC_0042,86.22,17.076,9.0,1.0
pozo,PCC_0042_PR01_TH_P20_H9,PCC_0042,94.67,22.031,4.0,1.0
pozo,PCC_0042_PR01_TH_P21_H10,PCC_0042,89.15,28.134,9.0,3.0
pozo,PCC_0042_PR01_TH_P21_H11,PCC_0042,89.16,36.35,12.0,5.0
pozo,PCC_0042_PR01_TH_P21_H12,PCC_0042,86.99,34.915,9.0,1.0
pozo,PCC_0042_PR01_TH_P21_H13,PCC_0042,92.2,35.298,12.0,2.0
pozo,PCC_0042_PR01_TH_P21_H14,PCC_0042,92.25,31.401,10.0,1.0
pozo,PCC_0042_PR01_TH_P21_H15,PCC_0042,89.3,34.28,11.0,4.0
pozo,PCC_0042_PR01_TH_P21_H16,PCC_0042,86.26,35.069,14.0,3.0
pozo,PCC_0042_PR01_TH_P21_H17,PCC_0042,93.2,35.179,10.0,0.0
pozo,PCC_0042_PR01_TH_P21_H18,PCC_0042,90.89,35.926,9.0,2.0
pozo,PCC_0042_PR01_TH_P21_H19,PCC_0042,90.09,36.741,17.0,3.0
pozo,PCC_0042_PR01_TH_P21_H20,PCC_0042,87.7,29.35,18.0,4.0
pozo,PCC_0042_PR01_TH_P21_H21,PCC_0042,94.94,22.726,4.0,1.0
pozo,PCC_0042_PR01_TH_P21_H22,PCC_0042,85.88,18.272,7.0,8.0
pozo,PCC_0042_PR01_TH_P21_H9,PCC_0042,94.27,22.119,4.0,0.0
pozo,PCC_0042_PR01_TH_P22_H10,PCC_0042,91.38,28.151,10.0,0.0
pozo,PCC_0042_PR01_TH_P22_H11,PCC_0042,92.37,36.071,10.0,0.0
pozo,PCC_0042_PR01_TH_P22_H12,PCC_0042,90.65,35.296,13.0,0.0
pozo,PCC_0042_PR01_TH_P22_H13,PCC_0042,86.77,35.215,17.0,4.0
pozo,PCC_0042_PR01_TH_P22_H14,PCC_0042,91.99,33.27,12.0,1.0
pozo,PCC_0042_PR01_TH_P22_H15,PCC_0042,92.6,30.683,7.0,1.0
pozo,PCC_0042_PR01_TH_P22_H16,PCC_0042,90.94,35.058,11.0,1.0
pozo,PCC_0042_PR01_TH_P22_H17,PCC_0042,87.87,35.304,14.0,2.0
pozo,PCC_0042_PR01_TH_P22_H18,PCC_0042,92.55,36.005,12.0,2.0
pozo,PCC_0042_PR01_TH_P22_H19,PCC_0042,92.53,36.851,12.0,3.0
pozo,PCC_0042_PR01_TH_P22_H20,PCC_0042,89.22,29.526,12.0,1.0
pozo,PCC_0042_PR01_TH_P22_H22,PCC_0042,93.78,18.48,5.0,0.0
pozo,PCC_0042_PR01_TH_P22_H8,PCC_0042,92.65,17.155,7.0,2.0
pozo,PCC_0042_PR01_TH_P22_H9,PCC_0042,85.3,21.969,13.0,2.0
pozo,PCC_0042_PR01_TH_P22_HU24,PCC_0042,95.36,33.972,4.0,0.0
pozo,PCC_0042_PR01_TH_P23_H11,PCC_0042,94.87,35.165,9.0,0.0
pozo,PCC_0042_PR01_TH_P23_H12,PCC_0042,91.16,35.213,11.0,1.0
pozo,PCC_0042_PR01_TH_P23_H13,PCC_0042,91.29,35.806,13.0,2.0
pozo,PCC_0042_PR01_TH_P23_H14,PCC_0042,89.95,34.921,12.0,1.0
pozo,PCC_0042_PR01_TH_P23_H16,PCC_0042,91.83,34.999,11.0,0.0
pozo,PCC_0042_PR01_TH_P23_H17,PCC_0042,91.98,35.108,12.0,1.0
pozo,PCC_0042_PR01_TH_P23_H18,PCC_0042,89.98,35.979,18.0,0.0
pozo,PCC_0042_PR01_TH_P23_H19,PCC_0042,90.25,36.766,16.0,4.0
pozo,PCC_0042_PR01_TH_P23_H20,PCC_0042,93.87,29.375,8.0,0.0
pozo,PCC_0042_PR01_TH_P23_H21,PCC_0042,89.09,22.892,8.0,2.0
pozo,PCC_0042_PR01_TH_P23_H22,PCC_0042,93.69,18.405,7.0,0.0
pozo,PCC_0042_PR01_TH_P23_H8,PCC_0042,93.26,17.018,5.0,0.0
pozo,PCC_0042_PR01_TH_P23_H9,PCC_0042,92.4,21.221,6.0,1.0
pozo,PCC_0042_PR01_TH_P23_HU24,PCC_0042,89.5,27.411,13.0,2.0
pozo,PCC_0042_PR01_TH_P24_H10,PCC_0042,90.32,27.437,6.0,3.0
pozo,PCC_0042_PR01_TH_P24_H11,PCC_0042,90.11,29.436,8.0,0.0
pozo,PCC_0042_PR01_TH_P24_H12,PCC_0042,91.5,34.753,11.0,1.0
pozo,PCC_0042_PR01_TH_P24_H13,PCC_0042,88.22,33.372,14.0,3.0
pozo,PCC_0042_PR01_TH_P24_H14,PCC_0042,89.78,33.133,12.0,2.0
pozo,PCC_0042_PR01_TH_P24_H15,PCC_0042,90.94,33.238,9.0,1.0
pozo,PCC_0042_PR01_TH_P24_H16,PCC_0042,93.09,33.386,9.0,1.0
pozo,PCC_0042_PR01_TH_P24_H18,PCC_0042,92.56,35.205,13.0,1.0
pozo,PCC_0042_PR01_TH_P24_H19,PCC_0042,92.07,36.14,14.0,1.0
pozo,PCC_0042_PR01_TH_P24_H21,PCC_0042,90.04,22.496,10.0,1.0
pozo,PCC_0042_PR01_TH_P24_H22,PCC_0042,93.33,17.835,8.0,0.0
pozo,PCC_0042_PR01_TH_P24_H8,PCC_0042,95.03,16.345,4.0,0.0
pozo,PCC_0042_PR01_TH_P24_H9,PCC_0042,88.92,20.83,9.0,3.0
pozo,PCC_0042_PR01_TH_P24_HU24,PCC_0042,94.45,34.773,8.0,0.0
pozo,PCC_0042_PR01_TH_P24_HU25,PCC_0042,91.66,28.181,7.0,0.0
pozo,PCC_0042_PR01_TH_P25_H10,PCC_0042,95.59,32.579,4.0,0.0
pozo,PCC_0042_PR01_TH_P25_H11,PCC_0042,97.18,33.023,3.0,0.0
pozo,PCC_0042_PR01_TH_P25_H12,PCC_0042,94.33,33.023,8.0,1.0
pozo,PCC_0042_PR01_TH_P25_H15,PCC_0042,94.4,17.046,6.0,0.0
pozo,PCC_0042_PR01_TH_P25_H2,PCC_0042,94.15,18.299,8.0,1.0
pozo,PCC_0042_PR01_TH_P25_H3,PCC_0042,88.61,25.204,11.0,2.0
pozo,PCC_0042_PR01_TH_P25_H4,PCC_0042,87.49,31.684,13.0,3.0
pozo,PCC_0042_PR01_TH_P25_H5,PCC_0042,91.16,31.293,13.0,2.0
pozo,PCC_0042_PR01_TH_P25_H6,PCC_0042,94.07,29.567,6.0,2.0
pozo,PCC_0042_PR01_TH_P25_H7,PCC_0042,94.19,31.372,6.0,1.0
pozo,PCC_0042_PR01_TH_P25_H8,PCC_0042,94.16,31.339,7.0,1.0
pozo,PCC_0042_PR01_TH_P25_H9,PCC_0042,93.73,31.463,10.0,1.0
pozo,PCC_0042_PR01_TH_P25_HU17,PCC_0042,93.99,22.265,4.0,1.0
pozo,PCC_0042_PR01_TH_P25_HU18,PCC_0042,94.16,29.466,6.0,1.0
pozo,PCC_0042_PR01_TH_P26_H1,PCC_0042,90.37,31.383,11.0,0.0
pozo,PCC_0042_PR01_TH_P26_H2,PCC_0042,89.26,31.335,10.0,1.0
pozo,PCC_0042_PR01_TH_P26_H3,PCC_0042,90.47,31.038,10.0,0.0
pozo,PCC_0042_PR01_TH_P26_H4,PCC_0042,91.75,29.887,9.0,0.0
pozo,PCC_0042_PR01_TH_P26_H6,PCC_0042,91.4,30.464,7.0,1.0
pozo,PCC_0042_PR01_TH_P26_H7,PCC_0042,96.9,26.077,5.0,0.0
pozo,PCC_0042_PR01_TH_P26_H9,PCC_0042,90.32,18.976,8.0,0.0
pozo,PCC_0042_PR01_TH_P27_H2,PCC_0042,93.41,31.29,8.0,0.0
pozo,PCC_0042_PR01_TH_P27_H3,PCC_0042,88.16,29.783,13.0,0.0
pozo,PCC_0042_PR01_TH_P27_H4,PCC_0042,85.02,28.015,16.0,1.0
pozo,PCC_0042_PR01_TH_P27_H5,PCC_0042,84.65,29.711,17.0,3.0
pozo,PCC_0042_PR01_TH_P27_H7,PCC_0042,94.75,25.835,6.0,1.0
pozo,PCC_0042_PR01_TH_P27_HU10,PCC_0042,89.01,30.931,13.0,0.0
pozo,PCC_0042_PR01_TH_P28_H10,PCC_0042,92.51,32.417,10.0,0.0
pozo,PCC_0042_PR01_TH_P28_H11,PCC_0042,92.55,32.633,12.0,1.0
pozo,PCC_0042_PR01_TH_P28_H12,PCC_0042,91.85,33.413,9.0,2.0
pozo,PCC_0042_PR01_TH_P28_H13,PCC_0042,93.13,29.035,7.0,1.0
pozo,PCC_0042_PR01_TH_P28_H14,PCC_0042,92.29,21.057,10.0,1.0
pozo,PCC_0042_PR01_TH_P28_H15,PCC_0042,90.48,15.971,6.0,0.0
pozo,PCC_0042_PR01_TH_P28_H2,PCC_0042,90.02,15.725,6.0,0.0
pozo,PCC_0042_PR01_TH_P28_H3,PCC_0042,91.65,22.694,7.0,0.0
pozo,PCC_0042_PR01_TH_P28_H4,PCC_0042,91.78,31.137,9.0,3.0
pozo,PCC_0042_PR01_TH_P28_H6,PCC_0042,89.71,32.215,9.0,2.0
pozo,PCC_0042_PR01_TH_P28_H7,PCC_0042,90.31,30.554,9.0,4.0
pozo,PCC_0042_PR01_TH_P28_H8,PCC_0042,89.09,32.232,16.0,0.0
pozo,PCC_0042_PR01_TH_P28_HU17,PCC_0042,90.01,32.932,9.0,3.0
pozo,PCC_0042_PR01_TH_P28_HU18,PCC_0042,94.87,32.18,7.0,1.0
pozo,PCC_0042_PR01_TH_P29_H10,PCC_0042,91.04,33.358,15.0,0.0
pozo,PCC_0042_PR01_TH_P29_H11,PCC_0042,92.46,33.375,10.0,2.0
pozo,PCC_0042_PR01_TH_P29_H12,PCC_0042,87.59,34.967,18.0,1.0
pozo,PCC_0042_PR01_TH_P29_H14,PCC_0042,90.09,23.018,11.0,0.0
pozo,PCC_0042_PR01_TH_P29_H15,PCC_0042,92.93,17.452,4.0,1.0
pozo,PCC_0042_PR01_TH_P29_H2,PCC_0042,90.13,16.601,7.0,1.0
pozo,PCC_0042_PR01_TH_P29_H3,PCC_0042,94.18,23.22,6.0,1.0
pozo,PCC_0042_PR01_TH_P29_H4,PCC_0042,90.32,31.969,12.0,1.0
pozo,PCC_0042_PR01_TH_P29_H5,PCC_0042,91.0,29.331,6.0,2.0
pozo,PCC_0042_PR01_TH_P29_H7,PCC_0042,91.7,32.91,8.0,4.0
pozo,PCC_0042_PR01_TH_P29_H8,PCC_0042,90.04,26.056,10.0,0.0
pozo,PCC_0042_PR01_TH_P29_H9,PCC_0042,89.91,20.83,8.0,1.0
pozo,PCC_0042_PR01_TH_P29_HU17,PCC_0042,91.84,31.972,7.0,3.0
pozo,PCC_0042_PR01_TH_P31_H10,PCC_0042,87.99,34.81,15.0,3.0
pozo,PCC_0042_PR01_TH_P31_H11,PCC_0042,91.58,35.146,12.0,2.0
pozo,PCC_0042_PR01_TH_P31_H12,PCC_0042,90.75,35.735,10.0,2.0
pozo,PCC_0042_PR01_TH_P31_H13,PCC_0042,92.38,34.915,9.0,1.0
pozo,PCC_0042_PR01_TH_P31_H14,PCC_0042,88.4,29.256,12.0,2.0
pozo,PCC_0042_PR01_TH_P31_H15,PCC_0042,89.22,22.6,11.0,3.0
pozo,PCC_0042_PR01_TH_P31_H16,PCC_0042,94.98,18.195,5.0,0.0
pozo,PCC_0042_PR01_TH_P31_H3,PCC_0042,90.8,20.333,9.0,0.0
pozo,PCC_0042_PR01_TH_P31_H4,PCC_0042,93.26,26.51,6.0,2.0
pozo,PCC_0042_PR01_TH_P31_H5,PCC_0042,87.85,33.468,9.0,3.0
pozo,PCC_0042_PR01_TH_P31_H6,PCC_0042,89.22,34.286,12.0,3.0
pozo,PCC_0042_PR01_TH_P31_H7,PCC_0042,91.12,34.256,10.0,4.0
pozo,PCC_0042_PR01_TH_P31_H8,PCC_0042,89.61,34.255,13.0,4.0
pozo,PCC_0042_PR01_TH_P31_H9,PCC_0042,95.99,34.257,6.0,0.0
pozo,PCC_0042_PR01_TH_P32_H10,PCC_0042,89.68,34.174,15.0,2.0
pozo,PCC_0042_PR01_TH_P32_H11,PCC_0042,86.94,34.919,13.0,4.0
pozo,PCC_0042_PR01_TH_P32_H12,PCC_0042,94.38,35.376,8.0,1.0
pozo,PCC_0042_PR01_TH_P32_H13,PCC_0042,94.15,36.319,6.0,2.0
pozo,PCC_0042_PR01_TH_P32_H14,PCC_0042,93.03,29.98,12.0,1.0
pozo,PCC_0042_PR01_TH_P32_H15,PCC_0042,95.65,22.245,1.0,0.0
pozo,PCC_0042_PR01_TH_P32_H16,PCC_0042,93.93,18.135,5.0,1.0
pozo,PCC_0042_PR01_TH_P32_H2,PCC_0042,94.77,16.378,3.0,1.0
pozo,PCC_0042_PR01_TH_P32_H3,PCC_0042,91.85,21.592,7.0,1.0
pozo,PCC_0042_PR01_TH_P32_H4,PCC_0042,97.93,27.231,2.0,0.0
pozo,PCC_0042_PR01_TH_P32_H5,PCC_0042,91.41,34.335,10.0,3.0
pozo,PCC_0042_PR01_TH_P32_H7,PCC_0042,87.63,34.949,16.0,2.0
pozo,PCC_0042_PR01_TH_P32_H8,PCC_0042,88.5,34.271,15.0,3.0
pozo,PCC_0042_PR01_TH_P32_H9,PCC_0042,91.15,34.474,12.0,0.0
pozo,PCC_0042_PR01_TH_P32_HU18,PCC_0042,96.19,35.118,5.0,0.0
pozo,PCC_0042_PR01_TH_P33_H10,PCC_0042,91.06,33.25,10.0,1.0
pozo,PCC_0042_PR01_TH_P33_H11,PCC_0042,89.83,34.853,9.0,0.0
pozo,PCC_0042_PR01_TH_P33_H12,PCC_0042,91.76,33.78,14.0,1.0
pozo,PCC_0042_PR01_TH_P33_H13,PCC_0042,95.21,34.078,7.0,1.0
pozo,PCC_0042_PR01_TH_P33_H14,PCC_0042,90.86,27.961,9.0,0.0
pozo,PCC_0042_PR01_TH_P33_H15,PCC_0042,85.63,22.697,14.0,1.0
pozo,PCC_0042_PR01_TH_P33_H16,PCC_0042,91.44,18.0,9.0,0.0
pozo,PCC_0042_PR01_TH_P33_H2,PCC_0042,93.14,16.93,5.0,0.0
pozo,PCC_0042_PR01_TH_P33_H3,PCC_0042,87.58,21.823,13.0,2.0
pozo,PCC_0042_PR01_TH_P33_H4,PCC_0042,91.62,27.984,12.0,0.0
pozo,PCC_0042_PR01_TH_P33_H5,PCC_0042,91.89,33.8,10.0,1.0
pozo,PCC_0042_PR01_TH_P33_H6,PCC_0042,90.19,35.157,5.0,1.0
pozo,PCC_0042_PR01_TH_P33_H7,PCC_0042,89.87,33.427,14.0,3.0
pozo,PCC_0042_PR01_TH_P33_H8,PCC_0042,90.31,33.321,12.0,0.0
pozo,PCC_0042_PR01_TH_P33_H9,PCC_0042,89.32,33.346,15.0,0.0
pozo,PCC_0042_PR01_TH_P34_H1,PCC_0042,97.17,34.844,4.0,1.0
pozo,PCC_0042_PR01_TH_P34_H3,PCC_0042,94.96,34.769,6.0,0.0
pozo,PCC_0042_PR01_TH_P34_H4,PCC_0042,90.24,35.117,16.0,1.0
pozo,PCC_0042_PR01_TH_P34_H5,PCC_0042,92.62,35.187,13.0,6.0
pozo,PCC_0042_PR01_TH_P34_H6,PCC_0042,93.36,36.617,9.0,2.0
pozo,PCC_0042_PR01_TH_P34_H7,PCC_0042,94.48,29.191,7.0,1.0
pozo,PCC_0042_PR01_TH_P34_H8,PCC_0042,85.98,22.958,12.0,2.0
pozo,PCC_0042_PR01_TH_P34_H9,PCC_0042,89.28,17.6,8.0,3.0
pozo,PCC_0042_PR01_TH_P34_HU11,PCC_0042,96.89,34.61,3.0,1.0
pozo,PCC_0042_PR01_TH_P35_H1,PCC_0042,89.11,34.598,17.0,1.0
pozo,PCC_0042_PR01_TH_P35_H2,PCC_0042,92.1,34.666,14.0,1.0
pozo,PCC_0042_PR01_TH_P35_H3,PCC_0042,91.07,34.867,12.0,1.0
pozo,PCC_0042_PR01_TH_P35_H4,PCC_0042,92.67,35.171,9.0,3.0
pozo,PCC_0042_PR01_TH_P35_H5,PCC_0042,91.33,35.831,11.0,3.0
pozo,PCC_0042_PR01_TH_P35_H6,PCC_0042,92.38,36.669,8.0,2.0
pozo,PCC_0042_PR01_TH_P35_H7,PCC_0042,94.02,28.126,6.0,1.0
pozo,PCC_0042_PR01_TH_P35_H8,PCC_0042,94.82,22.869,4.0,1.0
pozo,PCC_0042_PR01_TH_P35_H9,PCC_0042,93.18,18.253,4.0,1.0
pozo,PCC_0042_PR01_TH_P35_HU11,PCC_0042,93.34,29.304,7.0,1.0
pozo,PCC_0042_PR01_TH_P36_H1,PCC_0042,87.04,34.542,16.0,6.0
pozo,PCC_0042_PR01_TH_P36_H2,PCC_0042,92.82,34.668,16.0,2.0
pozo,PCC_0042_PR01_TH_P36_H3,PCC_0042,91.7,34.895,14.0,2.0
pozo,PCC_0042_PR01_TH_P36_H4,PCC_0042,90.22,35.134,17.0,1.0
pozo,PCC_0042_PR01_TH_P36_H5,PCC_0042,90.59,15.753,6.0,0.0
pozo,PCC_0042_PR01_TH_P36_H6,PCC_0042,93.69,36.747,9.0,1.0
pozo,PCC_0042_PR01_TH_P36_H7,PCC_0042,92.91,29.42,7.0,1.0
pozo,PCC_0042_PR01_TH_P36_H8,PCC_0042,88.6,22.893,10.0,2.0
pozo,PCC_0042_PR01_TH_P36_H9,PCC_0042,94.4,18.394,4.0,1.0
pozo,PCC_0042_PR02_TH_P276_H1,PCC_0042,91.56,21.069,6.0,0.0
pozo,PCC_0042_PR02_TH_P276_H2,PCC_0042,91.88,31.238,8.0,0.0
pozo,PCC_0042_PR02_TH_P276_HU5,PCC_0042,92.46,33.801,11.0,0.0
pozo,PCC_0042_PR02_TH_P276_HU6,PCC_0042,92.36,17.709,7.0,0.0
pozo,PCC_0042_PR02_TH_P277_H1,PCC_0042,89.14,32.455,18.0,1.0
pozo,PCC_0042_PR02_TH_P277_H2,PCC_0042,90.49,31.855,7.0,2.0
pozo,PCC_0042_PR03_TH_P55_H10,PCC_0042,93.55,35.325,7.0,0.0
pozo,PCC_0042_PR03_TH_P55_H11,PCC_0042,94.96,24.823,5.0,0.0
pozo,PCC_0042_PR03_TH_P55_H14,PCC_0042,94.69,27.288,5.0,1.0
pozo,PCC_0042_PR03_TH_P55_H15,PCC_0042,96.04,20.623,3.0,0.0
pozo,PCC_0042_PR03_TH_P55_H16,PCC_0042,94.46,15.684,2.0,1.0
pozo,PCC_0042_PR03_TH_P55_H2,PCC_0042,93.46,17.812,5.0,0.0
pozo,PCC_0042_PR03_TH_P55_H3,PCC_0042,92.94,23.089,10.0,2.0
pozo,PCC_0042_PR03_TH_P55_H4,PCC_0042,95.84,30.043,5.0,0.0
pozo,PCC_0042_PR03_TH_P55_H5,PCC_0042,90.91,36.385,11.0,2.0
pozo,PCC_0042_PR03_TH_P55_H6,PCC_0042,93.07,35.338,6.0,1.0
pozo,PCC_0042_PR03_TH_P55_H7,PCC_0042,91.34,35.08,11.0,0.0
pozo,PCC_0042_PR03_TH_P55_H8,PCC_0042,93.77,33.292,5.0,4.0
pozo,PCC_0042_PR03_TH_P55_H9,PCC_0042,93.57,33.185,4.0,2.0
pozo,PCC_0042_PR03_TH_P55_HU17,PCC_0042,92.89,34.158,9.0,0.0
pozo,PCC_0042_PR03_TH_P55_HU18,PCC_0042,93.63,35.432,8.0,1.0
pozo,PCC_0042_PR03_TH_P55_HU19,PCC_0042,93.68,36.222,11.0,0.0
pozo,PCC_0042_PR03_TH_P56_H10,PCC_0042,93.56,33.073,8.0,0.0
pozo,PCC_0042_PR03_TH_P56_H11,PCC_0042,93.79,33.49,9.0,0.0
pozo,PCC_0042_PR03_TH_P56_H12,PCC_0042,94.45,35.317,9.0,0.0
pozo,PCC_0042_PR03_TH_P56_H13,PCC_0042,88.26,36.505,18.0,0.0
pozo,PCC_0042_PR03_TH_P56_H14,PCC_0042,89.53,29.065,10.0,1.0
pozo,PCC_0042_PR03_TH_P56_H15,PCC_0042,92.73,23.045,6.0,2.0
pozo,PCC_0042_PR03_TH_P56_H16,PCC_0042,89.95,17.256,4.0,1.0
pozo,PCC_0042_PR03_TH_P56_H5,PCC_0042,91.24,36.569,14.0,2.0
pozo,PCC_0042_PR03_TH_P56_H6,PCC_0042,92.23,35.305,14.0,0.0
pozo,PCC_0042_PR03_TH_P56_H7,PCC_0042,92.66,35.213,11.0,2.0
pozo,PCC_0042_PR03_TH_P56_H8,PCC_0042,94.17,33.549,6.0,0.0
pozo,PCC_0042_PR03_TH_P56_H9,PCC_0042,92.37,33.488,6.0,1.0
pozo,PCC_0042_PR04_TH_P351_H3,PCC_0042,93.97,34.937,9.0,0.0
pozo,PCC_0042_PR04_TH_P351_H4,PCC_0042,93.05,34.499,9.0,0.0
pozo,PCC_0042_PR04_TH_P351_H5,PCC_0042,90.27,34.366,12.0,8.0
pozo,PCC_0042_PR04_TH_P352_H3,PCC_0042,94.17,32.669,9.0,2.0
pozo,PCC_0042_PR04_TH_P352_H4,PCC_0042,94.23,34.965,7.0,2.0
pozo,PCC_0042_PR04_TH_P352_H5,PCC_0042,91.9,34.572,8.0,3.0
pozo,PCC_0042_PR04_TH_P353_H3,PCC_0042,79.37,34.894,6.0,0.0
pozo,PCC_0042_PR04_TH_P353_H4,PCC_0042,92.02,35.127,8.0,2.0
pozo,PCC_0042_PR04_TH_P353_H5,PCC_0042,92.86,34.519,8.0,1.0
pozo,PCC_0042_PR04_TH_P354_H6,PCC_0042,95.79,31.76,6.0,0.0
pozo,PCC_0042_PR04_TH_P354_H7,PCC_0042,93.92,31.794,9.0,0.0
pozo,PCC_0042_PR04_TH_P354_H8,PCC_0042,91.93,31.557,10.0,0.0
pozo,PCC_0042_PR04_TH_P355_H6,PCC_0042,92.38,31.822,13.0,1.0
pozo,PCC_0042_PR04_TH_P355_H7,PCC_0042,93.15,31.731,6.0,2.0
pozo,PCC_0042_PR04_TH_P355_H8,PCC_0042,91.89,31.749,11.0,0.0
pozo,PCC_0042_PR04_TH_P356_H6,PCC_0042,90.68,29.91,9.0,1.0
pozo,PCC_0042_PR04_TH_P356_H7,PCC_0042,92.47,29.929,15.0,1.0
pozo,PCC_0042_PR04_TH_P356_H8,PCC_0042,93.91,29.942,8.0,1.0
pozo,PCC_0042_PR04_TH_P357_H6,PCC_0042,91.02,27.863,11.0,0.0
pozo,PCC_0042_PR04_TH_P357_H7,PCC_0042,92.31,27.516,7.0,4.0
pozo,PCC_0042_PR04_TH_P357_H8,PCC_0042,90.31,27.941,9.0,3.0
pozo,PCC_0042_PR04_TH_P358_H2,PCC_0042,91.56,23.625,8.0,0.0
pozo,PCC_0042_PR04_TH_P358_H3,PCC_0042,93.88,23.943,5.0,1.0
pozo,PCC_0042_PR04_TH_P358_H4,PCC_0042,88.31,23.551,4.0,3.0
pozo,PCC_0042_PR04_TH_P359_H1,PCC_0042,94.14,23.911,3.0,0.0
pozo,PCC_0042_PR04_TH_P359_H2,PCC_0042,92.7,23.925,8.0,1.0
pozo,PCC_0042_PR04_TH_P360_H1,PCC_0042,93.06,19.493,5.0,4.0
pozo,PCC_0042_PR04_TH_P360_H2,PCC_0042,95.06,19.941,5.0,0.0
pozo,PCC_0042_PR01_TH_P43_HU20,PCC_0042,57.72,4.863,2.0,0.0
pozo,PCC_0042_PR01_TH_P47_H14,PCC_0042,94.49,14.672,1.0,0.0
pozo,PCC_0042_PR01_TH_P47_H15,PCC_0042,91.63,15.043,5.0,0.0
pozo,PCC_0042_PR01_TH_P47_H16,PCC_0042,95.21,17.131,5.0,0.0
pozo,PCC_0042_PR01_TH_P47_H18,PCC_0042,95.31,7.038,2.0,0.0
pozo,PCC_0042_PR01_TH_P47_HU17,PCC_0042,94.77,17.186,6.0,0.0
pozo,PCC_0042_PR01_TH_P48_H10,PCC_0042,93.28,18.613,6.0,0.0
pozo,PCC_0042_PR01_TH_P48_H11,PCC_0042,91.44,15.501,5.0,2.0
pozo,PCC_0042_PR01_TH_P48_H12,PCC_0042,93.17,13.286,5.0,1.0
pozo,PCC_0042_PR01_TH_P48_H13,PCC_0042,92.92,13.963,6.0,0.0
pozo,PCC_0042_PR01_TH_P48_H14,PCC_0042,95.17,15.086,3.0,0.0
pozo,PCC_0042_PR01_TH_P48_H15,PCC_0042,95.25,15.885,4.0,0.0
pozo,PCC_0042_PR01_TH_P48_H16,PCC_0042,93.15,17.358,6.0,0.0
pozo,PCC_0042_PR01_TH_P48_H17,PCC_0042,95.61,17.078,5.0,0.0
pozo,PCC_0042_PR01_TH_P48_H18,PCC_0042,95.59,9.515,3.0,0.0
pozo,PCC_0042_PR01_TH_P48_H19,PCC_0042,84.77,3.263,2.0,0.0
pozo,PCC_0042_PR01_TH_P48_H1,PCC_0042,87.58,3.27,2.0,0.0
pozo,PCC_0042_PR01_TH_P48_H2,PCC_0042,87.94,11.911,8.0,0.0
pozo,PCC_0042_PR01_TH_P48_H3,PCC_0042,85.29,20.205,13.0,0.0
pozo,PCC_0042_PR01_TH_P48_H6,PCC_0042,88.97,28.315,9.0,1.0
pozo,PCC_0042_PR01_TH_P48_H7,PCC_0042,90.5,33.725,13.0,1.0
pozo,PCC_0042_PR01_TH_P48_H8,PCC_0042,88.26,31.469,19.0,0.0
pozo,PCC_0042_PR01_TH_P48_H9,PCC_0042,94.28,23.464,7.0,0.0
pozo,PCC_0042_PR01_TH_P48_HU4,PCC_0042,85.91,22.579,13.0,0.0
pozo,PCC_0042_PR01_TH_P48_HU5,PCC_0042,86.8,15.82,10.0,0.0
pozo,PCC_0042_PR01_TH_P49_H10,PCC_0042,93.54,18.757,6.0,0.0
pozo,PCC_0042_PR01_TH_P49_H11,PCC_0042,92.17,15.619,5.0,0.0
pozo,PCC_0042_PR01_TH_P49_H12,PCC_0042,91.89,13.301,7.0,0.0
pozo,PCC_0042_PR01_TH_P49_H13,PCC_0042,86.49,13.876,9.0,1.0
pozo,PCC_0042_PR01_TH_P49_H14,PCC_0042,90.71,15.242,7.0,0.0
pozo,PCC_0042_PR01_TH_P49_H15,PCC_0042,88.4,16.231,7.0,0.0
pozo,PCC_0042_PR01_TH_P49_H16,PCC_0042,93.09,17.426,8.0,0.0
pozo,PCC_0042_PR01_TH_P49_H17,PCC_0042,88.75,17.587,10.0,0.0
pozo,PCC_0042_PR01_TH_P49_H18,PCC_0042,86.87,9.647,6.0,0.0
pozo,PCC_0042_PR01_TH_P49_H19,PCC_0042,92.54,3.393,1.0,0.0
pozo,PCC_0042_PR01_TH_P49_H1,PCC_0042,84.21,3.16,3.0,0.0
pozo,PCC_0042_PR01_TH_P49_H3,PCC_0042,85.77,20.353,14.0,2.0
pozo,PCC_0042_PR01_TH_P49_H4,PCC_0042,87.85,22.726,11.0,1.0
pozo,PCC_0042_PR01_TH_P49_H6,PCC_0042,87.03,29.641,16.0,0.0
pozo,PCC_0042_PR01_TH_P49_H7,PCC_0042,84.11,34.926,19.0,3.0
pozo,PCC_0042_PR01_TH_P49_H8,PCC_0042,88.11,30.87,17.0,1.0
pozo,PCC_0042_PR01_TH_P49_H9,PCC_0042,89.07,23.844,12.0,2.0
pozo,PCC_0042_PR01_TH_P49_HU2,PCC_0042,86.18,12.182,10.0,1.0
pozo,PCC_0042_PR01_TH_P49_HU5,PCC_0042,88.6,25.534,13.0,1.0
pozo,PCC_0042_PR01_TH_P50_H10,PCC_0042,88.81,18.011,10.0,1.0
pozo,PCC_0042_PR01_TH_P50_H11,PCC_0042,88.1,15.141,8.0,0.0
pozo,PCC_0042_PR01_TH_P50_H12,PCC_0042,84.45,12.823,8.0,0.0
pozo,PCC_0042_PR01_TH_P50_H13,PCC_0042,89.41,13.429,10.0,0.0
pozo,PCC_0042_PR01_TH_P50_H14,PCC_0042,91.33,14.6,9.0,0.0
pozo,PCC_0042_PR01_TH_P50_H15,PCC_0042,92.48,15.681,7.0,0.0
pozo,PCC_0042_PR01_TH_P50_H16,PCC_0042,92.1,16.985,7.0,0.0
pozo,PCC_0042_PR01_TH_P50_H17,PCC_0042,88.78,17.161,11.0,0.0
pozo,PCC_0042_PR01_TH_P50_H18,PCC_0042,89.42,8.739,5.0,0.0
pozo,PCC_0042_PR01_TH_P50_H19,PCC_0042,87.63,3.298,2.0,0.0
pozo,PCC_0042_PR01_TH_P50_H2,PCC_0042,89.69,11.657,4.0,0.0
pozo,PCC_0042_PR01_TH_P50_H3,PCC_0042,89.56,19.367,3.0,1.0
pozo,PCC_0042_PR01_TH_P50_H4,PCC_0042,88.8,21.009,10.0,0.0
pozo,PCC_0042_PR01_TH_P50_H5,PCC_0042,90.57,20.437,10.0,1.0
pozo,PCC_0042_PR01_TH_P50_H6,PCC_0042,89.78,28.335,13.0,6.0
pozo,PCC_0042_PR01_TH_P50_H7,PCC_0042,89.09,28.231,12.0,0.0
pozo,PCC_0042_PR01_TH_P50_H8,PCC_0042,87.39,30.977,17.0,0.0
pozo,PCC_0042_PR01_TH_P50_H9,PCC_0042,92.59,22.881,10.0,0.0
pozo,PCC_0042_PR01_TH_P51_H10,PCC_0042,92.91,17.581,6.0,1.0
pozo,PCC_0042_PR01_TH_P51_H11,PCC_0042,91.67,14.743,6.0,1.0
pozo,PCC_0042_PR01_TH_P51_H12,PCC_0042,92.76,12.011,4.0,1.0
pozo,PCC_0042_PR01_TH_P51_H13,PCC_0042,90.73,13.001,6.0,0.0
pozo,PCC_0042_PR01_TH_P51_H17,PCC_0042,93.54,16.939,6.0,0.0
pozo,PCC_0042_PR01_TH_P51_H18,PCC_0042,87.75,8.71,5.0,0.0
pozo,PCC_0042_PR01_TH_P51_H19,PCC_0042,83.02,3.534,2.0,1.0
pozo,PCC_0042_PR01_TH_P51_H2,PCC_0042,93.21,10.871,4.0,0.0
pozo,PCC_0042_PR01_TH_P51_H3,PCC_0042,94.94,19.242,3.0,0.0
pozo,PCC_0042_PR01_TH_P51_H4,PCC_0042,86.52,21.634,11.0,2.0
pozo,PCC_0042_PR01_TH_P51_H5,PCC_0042,92.41,21.264,9.0,1.0
pozo,PCC_0042_PR01_TH_P51_H6,PCC_0042,91.09,28.022,13.0,1.0
pozo,PCC_0042_PR01_TH_P51_H7,PCC_0042,87.88,33.373,16.0,1.0
pozo,PCC_0042_PR01_TH_P51_H8,PCC_0042,91.06,30.154,14.0,3.0
pozo,PCC_0042_PR01_TH_P51_H9,PCC_0042,90.65,22.574,8.0,1.0
pozo,PCC_0042_PR01_TH_P51.1_H1,PCC_0042,91.53,16.831,7.0,0.0
pozo,PCC_0042_PR01_TH_P51.1_H2,PCC_0042,93.39,15.639,4.0,0.0
pozo,PCC_0042_PR01_TH_P51.1_H3,PCC_0042,95.79,14.625,2.0,0.0
pozo,PCC_0042_PR01_TH_P52_H1,PCC_0042,91.8,4.597,2.0,0.0
pozo,PCC_0042_PR01_TH_P52_H2,PCC_0042,87.52,17.0,8.0,1.0
pozo,PCC_0042_PR01_TH_P52_H3,PCC_0042,94.55,20.874,4.0,0.0
pozo,PCC_0042_PR01_TH_P52_H4,PCC_0042,93.63,23.501,5.0,2.0
pozo,PCC_1541_CL01_TH_P101_H1,PCC_1541,97.03,25.889,3.0,0.0
pozo,PCC_1541_CL01_TH_P101_H2,PCC_1541,88.33,25.98,13.0,5.0
pozo,PCC_1541_CL01_TH_P101_H3,PCC_1541,91.46,25.256,9.0,0.0
pozo,PCC_1541_CL01_TH_P102_H1,PCC_1541,94.51,25.466,5.0,0.0
pozo,PCC_1541_CL01_TH_P102_H2,PCC_1541,94.91,25.535,6.0,0.0
pozo,PCC_1541_CL01_TH_P103_H1,PCC_1541,94.37,25.966,6.0,0.0
pozo,PCC_1541_CL01_TH_P103_H2,PCC_1541,93.42,25.553,8.0,3.0
pozo,PCC_1541_CL01_TH_P104_H1,PCC_1541,92.17,25.981,7.0,0.0
pozo,PCC_1541_CL01_TH_P104_H2,PCC_1541,90.8,25.796,8.0,3.0
pozo,PCC_1541_CL01_TH_P105_H1,PCC_1541,95.19,25.306,6.0,0.0
pozo,PCC_1541_CL01_TH_P105_H2,PCC_1541,95.82,25.976,5.0,0.0
pozo,PCC_1541_CL01_TH_P105_H3,PCC_1541,91.91,25.981,5.0,1.0
pozo,PCC_1541_CL01_TH_P11_H1,PCC_1541,94.41,24.659,5.0,0.0
pozo,PCC_1541_CL01_TH_P11_H2,PCC_1541,94.29,24.746,7.0,0.0
pozo,PCC_1541_CL01_TH_P11_H3,PCC_1541,88.45,24.715,9.0,4.0
pozo,PCC_1541_CL01_TH_P11_H4,PCC_1541,93.91,25.963,6.0,1.0
pozo,PCC_1541_CL01_TH_P11_H5,PCC_1541,94.71,26.043,5.0,0.0
pozo,PCC_1541_CL01_TH_P11_H6,PCC_1541,96.27,19.284,4.0,0.0
pozo,PCC_1541_CL01_TH_P11_H7,PCC_1541,94.12,28.0,6.0,0.0
pozo,PCC_1541_CL01_TH_P11_H8,PCC_1541,97.06,29.837,3.0,0.0
pozo,PCC_1541_CL01_TH_P12_H1,PCC_1541,95.25,24.484,4.0,3.0
pozo,PCC_1541_CL01_TH_P12_H2,PCC_1541,95.27,24.632,6.0,1.0
pozo,PCC_1541_CL01_TH_P12_H3,PCC_1541,96.33,24.78,5.0,0.0
pozo,PCC_1541_CL01_TH_P12_H4,PCC_1541,95.33,26.003,3.0,1.0
pozo,PCC_1541_PR01_TH_P01_H1,PCC_1541,92.11,25.929,7.0,3.0
pozo,PCC_1541_PR01_TH_P01_H2,PCC_1541,91.14,25.855,4.0,3.0
pozo,PCC_1541_PR01_TH_P01_H3,PCC_1541,87.11,25.97,10.0,5.0
pozo,PCC_1541_PR01_TH_P01_H4,PCC_1541,91.01,25.98,9.0,2.0
pozo,PCC_1541_PR01_TH_P02_H1,PCC_1541,93.33,25.971,7.0,0.0
pozo,PCC_1541_PR01_TH_P02_H2,PCC_1541,92.67,25.965,9.0,0.0
pozo,PCC_1541_PR01_TH_P02_H3,PCC_1541,92.5,25.962,13.0,3.0
pozo,PCC_1541_PR01_TH_P02_H4,PCC_1541,94.02,25.97,7.0,1.0
pozo,PCC_1541_PR01_TH_P03_H1,PCC_1541,94.67,25.883,5.0,4.0
pozo,PCC_1541_PR01_TH_P03_H2,PCC_1541,94.61,25.921,5.0,2.0
pozo,PCC_1541_PR01_TH_P03_H3,PCC_1541,96.16,25.928,4.0,3.0
pozo,PCC_1541_PR01_TH_P04_H1,PCC_1541,93.24,25.909,5.0,2.0
pozo,PCC_1541_PR01_TH_P04_H2,PCC_1541,93.04,25.935,8.0,2.0
pozo,PCC_1541_PR01_TH_P04_H3,PCC_1541,96.82,25.937,4.0,0.0
pozo,PCC_1541_PR01_TH_P04_H4,PCC_1541,96.15,25.904,5.0,1.0
pozo,PCC_1541_PR01_TH_P05_H1,PCC_1541,95.69,25.906,7.0,1.0
pozo,PCC_1541_PR01_TH_P05_H2,PCC_1541,96.66,25.967,3.0,1.0
pozo,PCC_1541_PR01_TH_P05_H3,PCC_1541,95.08,25.919,5.0,0.0
pozo,PCC_1541_PR01_TH_P05_H4,PCC_1541,93.04,25.945,9.0,2.0
pozo,PCC_1541_PR01_TH_P06_H1,PCC_1541,87.55,25.95,13.0,4.0
pozo,PCC_1541_PR01_TH_P06_H2,PCC_1541,93.45,25.941,7.0,1.0
pozo,PCC_1541_PR01_TH_P06_H3,PCC_1541,89.85,25.956,11.0,1.0
pozo,PCC_1541_PR01_TH_P06_H4,PCC_1541,95.63,25.21,3.0,1.0
pozo,PCC_1541_PR01_TH_P07_H1,PCC_1541,90.34,25.536,10.0,0.0
pozo,PCC_1541_PR01_TH_P07_H2,PCC_1541,92.76,25.955,11.0,1.0
pozo,PCC_1541_PR01_TH_P07_H3,PCC_1541,91.43,25.864,10.0,0.0
pozo,PCC_1541_PR01_TH_P07_H4,PCC_1541,92.88,25.735,11.0,1.0
pozo,PCC_1541_PR01_TH_P08_H1,PCC_1541,94.54,25.962,8.0,1.0
pozo,PCC_1541_PR01_TH_P08_H2,PCC_1541,94.21,25.892,5.0,1.0
pozo,PCC_1541_PR01_TH_P08_HU5,PCC_1541,90.37,25.295,9.0,0.0
pozo,PCC_1541_PR01_TH_P09_H2,PCC_1541,94.19,26.186,7.0,0.0
pozo,PCC_1541_PR01_TH_P09_H3,PCC_1541,95.71,26.444,4.0,1.0
pozo,PCC_1541_PR01_TH_P09_HU6,PCC_1541,93.87,26.119,6.0,0.0
pozo,PCC_1541_PR01_TH_P10_H1,PCC_1541,97.27,27.958,3.0,0.0
pozo,PCC_1541_PR01_TH_P10_H2,PCC_1541,93.42,27.977,11.0,1.0
pozo,PCC_1541_PR01_TH_P10_H3,PCC_1541,94.3,27.938,7.0,0.0
pozo,PCC_1541_PR01_TH_P10_H4,PCC_1541,92.9,27.597,8.0,1.0
pozo,PCC_1541_PR01_TH_P28_H10,PCC_1541,89.11,24.473,5.0,6.0
pozo,PCC_1541_PR01_TH_P28_H11,PCC_1541,94.08,24.949,3.0,6.0
pozo,PCC_1541_PR01_TH_P28_H12,PCC_1541,91.74,24.361,8.0,0.0
pozo,PCC_1541_PR01_TH_P28_H13,PCC_1541,95.99,22.443,4.0,1.0
pozo,PCC_1541_PR01_TH_P28_H1,PCC_1541,93.96,18.916,4.0,1.0
pozo,PCC_1541_PR01_TH_P28_H2,PCC_1541,96.07,19.497,6.0,0.0
pozo,PCC_1541_PR01_TH_P28_H3,PCC_1541,94.52,19.946,5.0,0.0
pozo,PCC_1541_PR01_TH_P28_H4,PCC_1541,92.51,19.548,5.0,1.0
pozo,PCC_1541_PR01_TH_P28_H5,PCC_1541,93.22,19.427,5.0,0.0
pozo,PCC_1541_PR01_TH_P28_H6,PCC_1541,92.84,19.417,5.0,4.0
pozo,PCC_1541_PR01_TH_P28_H7,PCC_1541,96.21,20.142,3.0,0.0
pozo,PCC_1541_PR01_TH_P28_H8,PCC_1541,90.51,21.886,9.0,2.0
pozo,PCC_1541_PR01_TH_P28_H9,PCC_1541,95.31,23.907,4.0,0.0
pozo,PCC_1541_PR01_TH_P29_H10,PCC_1541,95.27,25.425,8.0,1.0
pozo,PCC_1541_PR01_TH_P29_H11,PCC_1541,90.82,24.034,7.0,4.0
pozo,PCC_1541_PR01_TH_P29_H13,PCC_1541,95.26,23.513,4.0,0.0
pozo,PCC_1541_PR01_TH_P29_H3,PCC_1541,91.28,15.842,5.0,2.0
pozo,PCC_1541_PR01_TH_P29_H4,PCC_1541,95.99,15.88,2.0,0.0
pozo,PCC_1541_PR01_TH_P29_H6,PCC_1541,91.85,17.777,7.0,0.0
pozo,PCC_1541_PR01_TH_P29_H7,PCC_1541,92.26,18.479,5.0,0.0
pozo,PCC_1541_PR01_TH_P29_H9,PCC_1541,92.9,22.802,8.0,2.0
pozo,PCC_1541_PR01_TH_P29_HU20,PCC_1541,90.24,19.468,7.0,1.0
pozo,PCC_1541_PR01_TH_P29_HU21,PCC_1541,94.99,24.603,6.0,0.0
pozo,PCC_1541_PR01_TH_P30_H10,PCC_1541,92.38,24.344,11.0,0.0
pozo,PCC_1541_PR01_TH_P30_H12,PCC_1541,95.74,22.37,6.0,1.0
pozo,PCC_1541_PR01_TH_P30_H5,PCC_1541,95.25,15.883,2.0,0.0
pozo,PCC_1541_PR01_TH_P30_H6,PCC_1541,92.87,16.905,5.0,1.0
pozo,PCC_1541_PR01_TH_P30_H7,PCC_1541,93.19,18.969,5.0,0.0
pozo,PCC_1541_PR01_TH_P30_H8,PCC_1541,93.52,21.055,7.0,2.0
pozo,PCC_1541_PR01_TH_P30_H9,PCC_1541,94.3,24.494,6.0,0.0
pozo,PCC_1541_PR01_TH_P31_H10,PCC_1541,96.32,23.857,3.0,0.0
pozo,PCC_1541_PR01_TH_P31_H11,PCC_1541,92.87,23.914,6.0,0.0
pozo,PCC_1541_PR01_TH_P31_H7,PCC_1541,94.62,17.467,5.0,0.0
pozo,PCC_1541_PR01_TH_P31_H8,PCC_1541,91.7,21.893,7.0,1.0
pozo,PCC_1541_PR01_TH_P31_H9,PCC_1541,95.95,25.435,3.0,1.0
pozo,PCC_1541_PR01_TH_P33_H10,PCC_1541,96.66,20.585,4.0,4.0
pozo,PCC_1541_PR01_TH_P33_H7,PCC_1541,88.86,16.812,8.0,0.0
pozo,PCC_1541_PR01_TH_P33_H8,PCC_1541,88.63,20.634,10.0,1.0
pozo,PCC_1541_PR01_TH_P33_H9,PCC_1541,93.95,25.602,9.0,1.0
pozo,PCC_1541_TH_P17_H10,PCC_1541,91.63,19.669,6.0,0.0
pozo,PCC_1541_TH_P17_H2,PCC_1541,91.32,24.628,8.0,2.0
pozo,PCC_1541_TH_P17_H3,PCC_1541,91.56,24.666,5.0,0.0
pozo,PCC_1541_TH_P17_H4,PCC_1541,96.55,24.585,3.0,0.0
pozo,PCC_1541_TH_P17_H5,PCC_1541,95.8,23.588,8.0,0.0
pozo,PCC_1541_TH_P17_H6,PCC_1541,97.7,24.527,3.0,0.0
pozo,PCC_1541_TH_P17_H7,PCC_1541,98.32,27.065,2.0,0.0
pozo,PCC_1541_TH_P17_H8,PCC_1541,97.05,28.919,3.0,0.0
pozo,PCC_1541_TH_P17_H9,PCC_1541,91.0,29.977,5.0,0.0
pozo,PCC_1541_TH_P18_H10,PCC_1541,98.01,19.988,2.0,0.0
pozo,PCC_1541_TH_P18_H2,PCC_1541,92.06,24.497,7.0,1.0
pozo,PCC_1541_TH_P18_H3,PCC_1541,91.63,23.782,8.0,4.0
pozo,PCC_1541_TH_P18_H4,PCC_1541,94.23,24.537,7.0,0.0
pozo,PCC_1541_TH_P18_H5,PCC_1541,92.84,24.611,7.0,0.0
pozo,PCC_1541_TH_P18_H6,PCC_1541,92.25,25.862,6.0,1.0
pozo,PCC_1541_TH_P18_H7,PCC_1541,93.24,25.506,6.0,1.0
pozo,PCC_1541_TH_P18_H8,PCC_1541,94.53,21.128,7.0,4.0
pozo,PCC_1541_TH_P18_H9,PCC_1541,96.85,29.714,4.0,0.0
pozo,PCC_1541_TH_P19_H10,PCC_1541,94.73,18.81,3.0,1.0
pozo,PCC_1541_TH_P19_H2,PCC_1541,96.83,24.325,4.0,0.0
pozo,PCC_1541_TH_P19_H4,PCC_1541,92.98,24.185,9.0,1.0
pozo,PCC_1541_TH_P19_H5,PCC_1541,93.09,25.034,10.0,3.0
pozo,PCC_1541_TH_P19_H6,PCC_1541,94.16,25.715,6.0,0.0
pozo,PCC_1541_TH_P19_H7,PCC_1541,97.46,26.21,3.0,0.0
pozo,PCC_1541_TH_P19_H8,PCC_1541,91.55,18.496,9.0,0.0
pozo,PCC_1541_TH_P19_H9,PCC_1541,93.82,29.845,10.0,0.0
pozo,PCC_1541_TH_P19_HU17,PCC_1541,93.73,24.887,6.0,1.0
pozo,PCC_1541_TH_P21_H1,PCC_1541,88.77,23.818,12.0,2.0
pozo,PCC_1541_TH_P21_H2,PCC_1541,94.6,19.973,7.0,0.0
pozo,PCC_1541_TH_P22_H1,PCC_1541,93.98,25.204,6.0,0.0
pozo,PCC_1541_TH_P22_H2,PCC_1541,95.01,20.027,7.0,1.0
pozo,PCC_1541_TH_P22_H3,PCC_1541,92.52,16.012,6.0,2.0
pozo,PCC_1541_TH_P23_H1,PCC_1541,94.92,24.757,6.0,0.0
pozo,PCC_1541_TH_P23_H2,PCC_1541,93.43,20.072,6.0,1.0
pozo,PCC_1541_TH_P24_H1,PCC_1541,93.15,25.269,6.0,2.0
pozo,PCC_1541_TH_P24_H2,PCC_1541,95.46,19.677,8.0,0.0
pozo,PCC_1541_TH_P25_H1,PCC_1541,91.45,24.472,7.0,2.0
pozo,PCC_1541_TH_P25_H2,PCC_1541,92.07,19.049,3.0,1.0
pozo,PCC_1541_TH_P26_H1,PCC_1541,95.49,24.674,7.0,0.0
pozo,PCC_1541_TH_P26_H2,PCC_1541,92.75,19.614,9.0,4.0
caseron,PCS_1043,PCS_1043,90.12,3324.7,,
caseron,PCC_0042,PCC_0042,91.37,9205.5,,
caseron,PCC_1541,PCC_1541,93.68,3352.4,,
